Year,0-4Female,5-9Female,10-14Female,15-19Female,20-24Female,25-29Female,30-34Female,35-39Female,40-44Female,45-49Female,50-54Female,55-59Female,60-64Female,65-69Female,70-74Female,75-79Female,80-84Female,85-89Female,90-94Female,95-99Female,100+Female,0-4Male,5-9Male,10-14Male,15-19Male,20-24Male,25-29Male,30-34Male,35-39Male,40-44Male,45-49Male,50-54Male,55-59Male,60-64Male,65-69Male,70-74Male,75-79Male,80-84Male,85-89Male,90-94Male,95-99Male,100+Male
1960,"47,920,315.00","46,829,753.00","33,432,080.00","25,471,658.00","24,122,343.00","23,327,941.00","20,533,620.00","18,630,935.50","16,497,774.00","14,737,326.50","13,208,805.00","11,375,459.50","8,525,574.50","6,582,603.50","4,410,789.00","2,557,647.00","1,046,284.00","334,658.50","73,378.00","8,914.50",531.00,"50,498,580.00","49,096,884.00","36,145,323.00","28,492,059.00","27,550,807.50","25,932,084.50","22,407,798.50","19,759,683.00","17,081,862.50","15,271,532.00","12,909,974.00","10,724,846.00","7,732,748.50","5,380,578.00","3,229,643.00","1,571,773.00","557,486.00","166,261.50","30,039.00","2,309.00",29.50
1961,"43,854,185.00","47,677,726.00","35,825,728.00","26,076,781.50","24,016,057.50","23,698,797.50","20,836,776.50","18,794,400.00","16,628,372.00","14,974,613.50","13,110,975.00","11,521,235.00","8,604,530.50","6,589,384.50","4,309,414.00","2,455,971.50","1,039,753.50","313,689.50","64,564.50","7,621.50",451.00,"46,298,328.50","50,034,846.00","38,324,622.00","28,923,464.50","27,475,923.00","26,330,470.50","22,817,293.50","19,984,001.50","17,227,684.00","15,441,417.50","12,856,605.50","10,761,714.00","7,718,281.50","5,340,784.00","3,111,826.50","1,493,829.50","539,886.00","150,155.00","26,290.50","1,912.50",16.50
1962,"42,618,084.00","48,227,487.00","38,568,543.00","27,060,995.50","24,056,249.00","23,960,210.50","21,219,384.00","19,007,207.50","16,794,522.00","15,275,327.00","13,102,315.50","11,635,871.00","8,842,669.00","6,629,007.50","4,318,805.50","2,432,790.50","1,061,433.50","300,469.50","59,487.00","6,720.50",380.00,"45,004,870.50","50,685,804.00","40,815,433.50","29,870,307.50","27,408,761.50","26,735,104.50","23,297,707.50","20,298,030.50","17,454,301.50","15,661,457.00","12,923,916.50","10,812,142.00","7,851,263.00","5,353,814.00","3,084,425.00","1,474,477.00","540,474.00","138,849.50","23,929.50","1,612.00",10.00
1963,"45,892,983.50","48,233,568.00","41,316,192.00","28,554,232.50","24,141,310.00","23,937,322.50","21,672,178.00","19,363,372.00","17,074,803.50","15,443,009.50","13,236,529.50","11,738,581.00","9,178,661.50","6,671,293.00","4,407,431.00","2,467,958.50","1,091,513.00","292,830.00","56,821.50","6,068.00",311.50,"48,429,331.00","50,779,580.50","43,365,362.50","31,340,771.50","27,300,677.00","26,889,568.00","23,873,296.00","20,784,481.50","17,800,543.00","15,763,988.00","13,154,325.00","10,874,094.50","8,075,194.00","5,383,838.50","3,117,905.00","1,491,396.50","547,760.00","130,685.50","22,378.00","1,406.00",5.00
1964,"51,299,213.50","46,735,446.00","43,595,994.00","30,430,756.00","24,424,064.00","23,695,036.50","22,181,661.50","19,632,192.50","17,492,035.50","15,491,079.00","13,447,965.00","11,872,040.50","9,557,579.50","6,702,596.00","4,513,370.00","2,522,640.00","1,105,837.00","290,144.00","54,615.50","5,445.00",250.00,"54,096,488.50","49,276,817.50","45,579,154.50","33,087,835.00","27,421,254.00","26,776,166.50","24,507,926.00","21,176,567.00","18,295,130.50","15,757,097.00","13,468,183.00","10,986,288.50","8,343,232.00","5,396,712.50","3,160,661.50","1,518,130.00","548,604.00","125,479.50","20,836.50","1,243.00",3.50
1965,"56,812,382.50","44,061,579.50","45,483,596.50","32,766,559.00","24,915,638.50","23,478,984.50","22,660,164.00","19,877,571.00","17,885,143.50","15,634,287.00","13,703,330.00","11,977,329.00","9,895,146.00","6,795,976.50","4,643,525.00","2,568,122.00","1,109,031.50","297,277.50","52,982.00","4,854.50",207.00,"59,888,563.50","46,501,535.00","47,521,858.50","35,247,485.50","27,756,853.00","26,677,187.50","25,033,414.00","21,551,046.00","18,776,607.00","15,889,525.00","13,777,742.50","11,126,019.00","8,582,101.50","5,444,355.50","3,224,484.50","1,533,497.00","544,953.50","124,889.50","19,427.50","1,114.50",2.00
1966,"62,411,549.50","41,371,944.50","46,644,516.50","35,279,839.00","25,593,648.50","23,456,453.50","23,100,336.00","20,247,658.00","18,126,784.50","15,852,134.00","14,025,574.50","11,996,853.50","10,144,121.50","6,998,958.00","4,775,467.00","2,603,415.50","1,115,371.00","311,941.50","52,126.50","4,415.50",180.50,"65,792,406.00","43,671,738.00","48,790,374.50","37,550,763.00","28,283,021.00","26,712,038.00","25,527,107.00","22,054,155.50","19,112,690.50","16,160,993.50","14,077,458.50","11,233,620.00","8,759,825.50","5,574,177.00","3,303,114.50","1,538,681.50","545,850.00","127,757.50","18,446.00","1,032.00",2.00
1967,"65,419,106.50","40,556,859.50","47,325,971.00","38,067,202.00","26,614,985.00","23,549,587.00","23,405,261.50","20,664,452.00","18,379,785.00","16,063,643.00","14,361,645.50","12,042,767.00","10,301,641.50","7,265,829.50","4,873,513.50","2,662,750.50","1,134,830.50","327,087.50","51,546.00","4,198.50",168.00,"68,977,694.50","42,789,033.50","49,584,786.50","40,080,189.50","29,273,585.00","26,712,813.00","25,983,766.50","22,578,467.50","19,480,001.50","16,450,334.50","14,357,739.50","11,379,907.00","8,886,480.50","5,755,525.00","3,375,232.50","1,561,362.50","556,362.50","131,461.50","17,685.50","1,000.00",1.50
1968,"65,407,697.50","43,590,559.50","47,366,871.00","40,813,338.00","28,119,632.50","23,671,252.50","23,416,991.00","21,134,752.00","18,753,522.50","16,363,842.00","14,550,662.00","12,194,816.50","10,417,969.00","7,579,465.00","4,947,184.50","2,752,836.50","1,171,242.00","340,380.00","51,569.50","4,129.50",162.50,"68,992,051.50","45,945,820.50","49,723,549.00","42,619,567.50","30,753,383.00","26,651,187.50","26,174,530.00","23,171,669.00","19,985,253.50","16,823,140.00","14,498,819.00","11,638,603.50","8,994,522.50","5,976,888.00","3,441,608.50","1,604,041.50","575,154.00","135,123.50","17,169.50",997.00,2.00
1969,"65,456,628.00","48,816,463.00","45,935,186.00","43,094,076.50","30,000,016.00","23,983,508.50","23,211,746.50","21,659,955.00","19,042,036.00","16,795,772.00","14,629,506.50","12,421,824.50","10,565,052.00","7,925,987.00","5,014,117.00","2,855,777.50","1,216,785.50","348,282.50","52,573.00","4,065.00",152.50,"69,077,008.00","51,420,627.00","48,299,804.50","44,829,741.00","32,500,817.00","26,809,877.00","26,102,317.00","23,822,147.50","20,399,126.50","17,337,358.00","14,542,920.00","11,974,703.00","9,150,074.50","6,229,932.00","3,498,457.00","1,653,687.50","597,642.00","137,244.50","17,021.00",958.50,2.50
1970,"66,138,852.50","54,268,497.00","43,339,964.50","44,978,887.50","32,330,350.50","24,491,808.50","23,025,220.00","22,150,735.00","19,304,588.50","17,203,047.00","14,798,717.50","12,690,133.00","10,687,154.50","8,236,445.50","5,128,628.00","2,973,112.00","1,256,158.00","353,750.00","55,506.00","4,016.50",134.50,"69,832,681.50","57,159,751.50","45,620,831.50","46,770,006.00","34,649,578.50","27,170,672.50","26,037,763.50","24,362,896.50","20,793,360.50","17,838,583.00","14,717,518.50","12,306,513.00","9,329,570.50","6,461,993.50","3,579,791.00","1,715,540.50","614,431.50","138,875.50","17,490.00",893.00,1.50
1971,"66,734,335.50","59,839,052.00","40,719,987.50","46,140,751.50","34,830,708.50","25,173,405.00","23,020,619.50","22,599,347.50","19,684,171.50","17,461,987.50","15,038,143.50","13,020,763.00","10,732,922.00","8,475,052.50","5,327,849.50","3,091,957.00","1,292,091.00","362,717.50","59,910.50","4,032.50",113.00,"70,497,476.50","63,043,886.50","42,880,446.50","48,046,200.50","36,935,257.50","27,709,628.00","26,097,223.00","24,869,121.00","21,308,191.50","18,199,602.50","15,021,897.50","12,629,110.00","9,483,507.00","6,655,004.50","3,720,164.50","1,788,463.50","628,082.50","142,968.50","18,439.00",833.50,1.50
1972,"67,232,402.50","62,925,242.00","39,928,838.50","46,827,031.00","37,597,991.50","26,184,798.00","23,122,550.50","22,911,569.50","20,106,713.50","17,730,043.50","15,271,262.00","13,365,957.50","10,804,096.00","8,639,051.50","5,576,000.50","3,193,631.00","1,345,591.00","378,416.50","64,285.50","4,091.50",95.00,"71,059,671.00","66,316,230.50","42,040,206.00","48,855,267.50","39,440,708.00","28,696,022.50","26,116,798.00","25,335,327.00","21,840,669.50","18,587,617.50","15,342,274.50","12,934,333.50","9,670,413.50","6,813,633.50","3,896,723.50","1,862,645.50","651,486.00","150,509.00","19,420.00",786.50,1.50
1973,"66,770,039.50","63,031,332.00","42,918,708.50","46,880,590.50","40,325,089.50","27,669,758.00","23,249,130.00","22,935,503.00","20,582,488.00","18,115,285.00","15,589,974.00","13,578,335.50","10,978,560.50","8,775,489.00","5,863,702.50","3,288,059.00","1,422,638.50","402,699.50","68,518.00","4,261.50",84.00,"70,615,446.00","66,448,101.50","45,164,336.50","49,018,548.50","41,957,125.50","30,158,040.50","26,071,315.50","25,540,147.00","22,440,301.00","19,106,058.00","15,739,782.50","13,115,416.50","9,956,421.00","6,963,044.50","4,101,755.50","1,938,031.00","685,886.50","160,900.00","20,404.00",771.00,1.50
1974,"64,945,075.00","63,184,565.50","48,091,613.50","45,479,776.00","42,596,202.00","29,532,085.50","23,565,681.50","22,748,826.00","21,114,696.50","18,420,282.50","16,037,769.00","13,693,318.00","11,230,902.50","8,946,626.00","6,179,834.00","3,384,063.50","1,511,670.50","432,061.50","72,075.00","4,601.00",80.00,"68,734,947.00","66,632,654.50","50,581,244.00","47,642,101.50","44,154,288.50","31,885,910.00","26,242,843.50","25,488,610.00","23,096,383.00","19,536,562.50","16,270,495.00","13,210,928.50","10,312,435.00","7,153,247.50","4,326,263.50","2,008,412.00","724,237.00","172,263.50","21,209.00",797.50,1.50
1975,"62,090,199.00","63,990,802.50","53,514,003.50","42,928,119.00","44,481,502.50","31,853,729.50","24,081,921.50","22,584,861.00","21,616,641.50","18,701,926.50","16,464,123.00","13,895,470.00","11,522,595.00","9,097,995.50","6,468,063.50","3,514,844.00","1,608,986.00","459,415.00","75,709.50","5,207.00",87.00,"65,755,600.50","67,514,810.50","56,272,992.50","45,025,462.50","46,091,698.50","34,018,905.50","26,617,399.00","25,447,232.00","23,647,047.50","19,947,884.50","16,788,948.50","13,425,041.50","10,659,837.00","7,359,341.00","4,532,895.50","2,091,999.00","767,252.50","181,151.00","22,067.50",891.50,1.00
1976,"58,638,730.00","64,726,698.50","59,069,240.50","40,352,511.50","45,658,928.50","34,358,267.50","24,777,869.00","22,605,275.50","22,081,050.50","19,097,902.50","16,747,570.50","14,163,569.50","11,867,904.50","9,182,131.50","6,699,453.00","3,703,565.50","1,705,962.00","485,995.00","80,748.00","5,993.00",107.00,"62,137,691.50","68,333,620.50","62,117,170.00","42,345,778.50","47,381,442.00","36,298,284.50","27,174,255.00","25,532,038.50","24,166,551.50","20,473,840.00","17,172,090.50","13,755,420.00","10,990,654.50","7,539,725.50","4,711,304.50","2,209,069.00","814,364.00","188,625.00","23,492.00","1,031.50",1.50
1977,"55,219,262.50","65,384,306.00","62,176,063.50","39,588,993.50","46,372,677.00","37,137,952.50","25,806,748.50","22,734,892.50","22,414,901.00","19,536,922.00","17,038,818.00","14,425,187.00","12,224,994.50","9,287,108.50","6,869,795.50","3,923,660.00","1,795,161.00","521,365.00","87,868.00","6,765.50",136.00,"58,549,822.00","69,076,055.50","65,391,256.50","41,540,086.50","48,217,497.50","38,804,168.00","28,177,206.00","25,582,242.00","24,649,579.00","21,017,000.50","17,578,060.50","14,098,833.50","11,302,335.00","7,742,957.00","4,865,111.50","2,345,930.50","863,276.00","199,559.00","25,598.50","1,178.00",1.50
1978,"51,867,327.00","65,092,538.00","62,329,005.50","42,574,310.50","46,459,954.50","39,881,975.00","27,306,203.50","22,889,634.00","22,467,404.00","20,028,360.00","17,441,742.50","14,765,513.50","12,460,190.50","9,482,529.00","7,016,682.50","4,167,573.00","1,882,064.50","567,557.50","97,265.00","7,488.50",169.50,"55,036,933.00","68,816,552.50","65,565,269.00","44,649,869.00","48,416,434.00","41,325,382.00","29,649,107.00","25,569,756.00","24,879,590.50","21,626,052.00","18,106,042.00","14,511,283.50","11,505,362.00","8,025,838.50","5,013,900.00","2,498,161.50","914,049.00","214,383.00","28,178.50","1,308.50",3.00
1979,"49,374,160.50","63,456,960.00","62,523,305.00","47,728,498.50","45,099,042.00","42,170,842.00","29,178,702.50","23,229,411.00","22,311,671.00","20,573,308.00","17,765,321.00","15,226,098.00","12,606,934.00","9,747,318.50","7,189,951.00","4,424,848.00","1,968,162.50","618,126.00","107,591.00","8,087.50",205.50,"52,442,824.00","67,133,940.50","65,789,263.50","50,029,834.00","47,087,633.00","43,530,776.50","31,380,912.00","25,768,650.00","24,858,544.00","22,288,905.50","18,549,257.00","15,046,362.50","11,637,018.50","8,367,179.50","5,195,067.50","2,659,447.50","962,099.50","230,521.50","30,781.00","1,402.00",6.00
1980,"48,298,217.50","60,800,973.00","63,363,531.50","53,133,796.00","42,589,143.50","44,068,652.00","31,505,571.50","23,762,491.00","22,175,687.00","21,087,017.50","18,064,368.50","15,665,207.50","12,834,996.00","10,045,223.00","7,345,388.50","4,658,592.00","2,075,112.50","671,736.50","117,142.00","8,736.00",250.50,"51,356,961.50","64,362,471.50","66,704,499.50","55,686,836.50","44,525,482.50","45,474,627.50","33,510,311.50","26,163,813.50","24,845,409.50","22,848,856.00","18,973,452.00","15,570,965.50","11,877,478.50","8,700,177.50","5,389,204.00","2,809,785.50","1,017,649.50","248,385.50","32,759.50","1,497.50",8.00
1981,"48,408,664.00","57,530,616.00","64,130,513.50","58,671,684.50","40,047,355.50","45,255,615.00","34,009,969.00","24,468,543.50","22,217,627.50","21,562,005.50","18,470,414.00","15,965,705.50","13,123,157.50","10,387,607.50","7,445,385.50","4,851,648.50","2,217,784.50","725,732.00","126,872.00","9,658.50",303.00,"51,536,673.00","60,934,613.50","67,555,135.00","61,496,064.50","41,892,160.50","46,771,108.00","35,778,904.00","26,733,284.00","24,952,318.00","23,376,017.50","19,502,013.50","15,966,410.00","12,220,140.00","9,014,873.50","5,563,215.50","2,944,861.00","1,090,836.00","267,915.50","34,450.50","1,637.00",9.00
1982,"49,740,636.50","54,259,368.00","64,818,935.00","61,776,673.50","39,300,605.00","45,976,317.00","36,782,421.00","25,499,094.50","22,363,260.00","21,907,288.00","18,915,831.00","16,271,003.00","13,403,432.00","10,739,549.50","7,562,167.50","4,999,077.00","2,377,564.50","778,145.00","139,894.50","10,926.00",352.50,"53,028,389.50","57,502,756.00","68,328,954.00","64,759,610.00","41,109,626.00","47,613,755.50","38,265,673.00","27,736,338.50","25,021,675.50","23,865,057.50","20,043,618.00","16,379,166.00","12,572,499.00","9,312,175.50","5,753,308.50","3,066,355.50","1,173,824.50","289,009.00","36,997.50","1,827.00",8.50
1983,"51,198,236.50","51,028,485.50","64,563,275.00","61,945,697.00","42,276,841.00","46,072,259.00","39,517,388.00","26,992,268.50","22,531,161.00","21,977,018.50","19,412,783.00","16,682,119.50","13,755,305.00","10,986,354.00","7,757,673.00","5,130,911.50","2,550,175.50","831,869.00","156,857.50","12,549.50",398.50,"54,668,819.00","54,117,013.50","68,110,829.00","64,951,528.50","44,204,053.50","47,824,175.50","40,766,105.50","29,197,078.00","25,027,482.00","24,108,753.50","20,649,470.50","16,903,988.50","12,984,807.50","9,521,497.50","6,005,503.00","3,187,853.50","1,264,172.00","311,627.00","40,469.50","2,045.00",8.50
1984,"52,018,895.00","48,617,276.50","62,969,509.00","62,155,491.50","47,406,457.00","44,729,539.50","41,799,334.50","28,855,116.50","22,879,987.50","21,842,614.00","19,961,759.00","17,016,872.00","14,220,115.00","11,159,656.50","8,017,127.00","5,285,100.00","2,727,690.00","886,023.50","175,462.50","14,312.50",440.00,"55,651,975.50","51,608,820.00","66,479,716.50","65,193,193.00","49,544,887.50","46,522,211.50","42,954,901.00","30,912,386.50","25,239,042.50","24,108,588.50","21,306,715.00","17,348,633.00","13,508,421.50","9,676,742.00","6,305,822.50","3,333,939.00","1,357,557.00","333,357.00","44,253.50","2,246.50",8.50
1985,"52,961,626.00","47,590,271.00","60,358,212.50","63,007,932.50","52,784,920.00","42,245,132.00","43,690,399.00","31,171,440.00","23,418,793.00","21,727,330.50","20,480,213.50","17,327,590.00","14,665,996.00","11,408,282.00","8,305,073.00","5,426,246.50","2,888,678.50","950,948.00","195,170.00","15,978.50",490.00,"56,802,739.00","50,573,244.50","63,765,190.00","66,121,867.50","55,158,461.50","43,999,031.50","44,884,618.00","33,021,162.50","25,642,571.00","24,115,871.00","21,864,962.50","17,775,037.50","14,025,001.00","9,927,387.00","6,598,448.50","3,489,623.00","1,444,988.00","358,227.00","48,438.50","2,378.00",9.00
1986,"54,224,567.50","47,727,127.00","57,132,819.50","63,787,179.50","58,295,116.00","39,726,941.50","44,874,413.50","33,665,679.50","24,128,142.50","21,786,282.00","20,960,726.00","17,739,179.00","14,979,478.50","11,710,734.00","8,628,006.50","5,525,995.50","3,024,971.50","1,033,512.50","215,374.50","17,782.00",561.00,"58,347,622.00","50,779,280.50","60,395,305.00","66,987,926.00","60,921,579.50","41,402,961.00","46,174,284.00","35,267,903.50","26,217,398.00","24,240,122.00","22,391,293.50","18,296,477.50","14,421,823.50","10,264,746.00","6,872,823.00","3,632,090.00","1,526,586.00","390,125.50","53,092.50","2,485.50",9.50
1987,"55,611,617.50","49,061,438.00","53,903,238.50","64,484,973.50","61,384,629.00","38,986,394.50","45,592,957.50","36,424,519.50","25,156,007.50","21,945,536.00","21,314,466.00","18,187,916.50","15,295,351.00","12,006,003.00","8,959,871.00","5,640,365.00","3,132,958.50","1,123,822.50","236,192.00","20,296.00",655.50,"60,086,406.00","52,271,362.50","57,016,961.00","67,776,097.00","64,159,008.50","40,633,645.00","47,013,338.00","37,728,115.00","27,215,243.50","24,326,554.00","22,879,754.50","18,828,163.00","14,830,216.50","10,609,972.50","7,132,843.00","3,785,493.50","1,602,921.50","425,552.00","58,324.50","2,652.50",10.00
1988,"57,229,002.00","50,523,009.00","50,709,534.00","64,237,094.00","61,550,618.00","41,934,842.50","45,684,973.50","39,142,571.00","26,637,211.00","22,124,077.50","21,400,121.00","18,687,357.50","15,711,516.00","12,365,454.00","9,208,153.50","5,820,958.50","3,234,436.00","1,220,002.50","258,715.00","23,613.50",773.50,"62,120,996.50","53,913,331.50","53,680,072.00","67,574,962.50","64,348,923.00","43,692,864.50","47,221,571.50","40,198,523.00","28,656,893.50","24,348,796.50","23,133,562.50","19,422,154.50","15,340,061.50","11,006,447.50","7,329,182.00","3,984,025.50","1,682,722.50","463,691.50","64,106.00","2,872.00",8.50
1989,"59,071,868.50","51,349,481.00","48,323,529.00","62,644,896.00","61,737,427.50","47,001,372.50","44,332,187.50","41,399,700.50","28,477,838.00","22,475,079.00","21,284,151.50","19,235,319.50","16,054,999.00","12,826,959.00","9,399,661.00","6,056,526.00","3,352,681.00","1,316,094.50","281,533.50","27,180.50",882.00,"64,441,416.00","54,901,062.00","51,207,420.50","65,960,248.50","64,571,454.00","48,953,935.00","45,917,996.00","42,351,137.00","30,339,825.50","24,566,127.50","23,150,552.00","20,063,346.00","15,776,687.00","11,499,998.50","7,490,975.50","4,219,079.00","1,779,238.00","502,270.50","69,553.00","3,027.00",7.50
1990,"60,764,871.00","52,281,159.00","47,310,776.00","60,041,948.50","62,564,699.00","52,314,908.00","41,842,677.00","43,264,211.50","30,769,104.50","23,010,950.00","21,185,357.50","19,751,891.50","16,372,842.50","13,268,860.00","9,654,503.50","6,310,064.50","3,458,016.50","1,399,947.00","307,505.00","30,957.50",988.50,"66,652,455.50","56,038,307.50","50,193,516.00","63,271,573.50","65,478,511.50","54,484,328.50","43,404,111.00","44,246,031.50","32,410,142.00","24,969,570.50","23,174,179.50","20,610,467.00","16,196,385.00","11,989,376.00","7,732,388.00","4,447,408.50","1,881,591.50","538,485.50","75,878.00","3,302.00",5.50
1991,"60,707,720.50","53,519,450.00","47,451,673.00","56,825,088.50","63,314,058.50","57,753,372.50","39,311,441.00","44,419,552.00","33,233,869.50","23,710,654.50","21,252,662.00","20,226,472.00","16,775,339.50","13,577,921.00","9,944,125.50","6,575,358.50","3,524,385.50","1,464,057.50","336,888.50","34,505.50","1,104.50","66,960,374.00","57,554,151.00","50,409,467.00","59,930,150.00","66,322,637.50","60,159,284.50","40,811,783.50","45,505,094.50","34,614,941.50","25,539,426.50","23,311,446.00","21,127,819.00","16,698,993.00","12,374,140.00","8,045,183.00","4,661,795.00","1,977,731.50","574,262.50","84,108.00","3,680.00",2.50
1992,"58,254,667.00","54,870,958.00","48,778,805.00","53,590,323.00","63,958,492.50","60,765,162.00","38,528,273.50","45,101,179.50","35,953,288.50","24,718,012.50","21,413,580.50","20,575,439.50","17,209,118.00","13,883,936.00","10,224,432.50","6,844,613.50","3,598,909.00","1,511,729.00","367,288.00","38,031.00","1,259.00","64,619,231.50","59,252,514.00","51,898,767.50","56,567,598.50","67,069,787.00","63,315,196.50","40,010,813.50","46,309,897.50","37,024,538.50","26,517,638.50","23,411,518.50","21,610,526.50","17,212,008.50","12,770,596.50","8,370,427.00","4,872,102.00","2,084,359.00","610,938.00","93,389.00","4,036.00",7.50
1993,"55,190,535.50","56,462,278.50","50,235,330.50","50,398,899.00","63,673,885.00","60,884,939.50","41,417,788.50","45,166,965.50","38,637,403.00","26,174,483.50","21,596,095.00","20,670,827.50","17,700,854.00","14,290,573.50","10,569,150.00","7,064,651.50","3,733,213.50","1,564,220.50","401,272.50","42,435.00","1,508.00","61,580,166.00","61,256,843.00","53,538,488.00","53,251,697.50","66,846,493.00","63,467,285.00","43,006,637.50","46,497,598.00","39,449,972.50","27,929,627.50","23,452,216.00","21,876,769.50","17,791,456.00","13,259,782.00","8,741,895.50","5,047,183.50","2,223,086.00","652,596.00","103,833.50","4,614.00",8.00
1994,"51,887,391.50","58,294,148.00","51,065,100.00","48,030,139.00","62,088,679.50","61,067,547.50","46,443,646.50","43,820,155.00","40,877,946.00","27,995,744.50","21,952,574.50","20,576,007.50","18,242,848.00","14,634,971.50","11,006,612.00","7,251,149.50","3,913,795.50","1,628,801.00","434,615.00","47,146.00","1,827.50","58,244,222.00","63,562,979.00","54,532,663.00","50,809,956.50","65,254,713.50","63,693,603.00","48,213,742.50","45,212,421.00","41,578,342.50","29,586,345.00","23,687,417.00","21,924,047.50","18,418,979.00","13,688,770.50","9,197,227.00","5,207,760.50","2,388,407.00","704,101.00","114,758.00","5,364.50",9.50
1995,"47,921,069.00","59,978,290.50","51,997,747.00","47,033,143.50","59,505,031.50","61,894,340.00","51,720,162.00","41,347,513.50","42,728,704.00","30,268,224.50","22,491,560.00","20,500,362.00","18,757,072.00","14,959,185.50","11,433,666.50","7,497,240.50","4,111,258.50","1,690,034.50","464,334.50","52,739.00","2,199.00","54,136,007.50","65,759,341.50","55,673,806.50","49,820,625.50","62,602,199.50","64,606,177.00","53,692,675.00","42,732,048.00","43,454,633.50","31,626,507.00","24,104,188.00","21,979,872.00","18,961,605.00","14,106,374.00","9,656,545.00","5,433,908.00","2,551,978.50","760,121.00","125,659.00","6,267.00",10.00
1996,"44,691,437.50","59,948,229.00","53,233,867.50","47,183,955.00","56,312,321.00","62,649,245.00","57,127,138.50","38,836,297.00","43,878,383.00","32,718,163.50","23,194,579.50","20,590,094.50","19,234,953.00","15,363,309.00","11,750,427.00","7,781,184.50","4,322,049.00","1,737,380.50","489,914.50","59,414.50","2,585.50","50,805,350.00","66,090,704.00","57,188,924.00","50,051,132.50","59,300,313.50","65,460,695.00","59,318,902.00","40,174,004.50","44,704,546.50","33,800,521.00","24,683,618.50","22,144,981.00","19,475,577.50","14,591,406.00","10,027,506.50","5,712,791.00","2,704,830.50","813,722.50","136,987.00","7,377.50",16.00
1997,"42,784,107.50","57,563,030.00","54,584,850.00","48,522,975.50","53,124,628.00","63,333,888.00","60,155,144.50","38,083,291.50","44,573,393.50","35,429,625.00","24,203,954.00","20,772,853.00","19,592,832.50","15,794,109.50","12,059,874.50","8,055,564.00","4,533,439.00","1,788,780.00","509,102.50","66,019.50","2,989.00","48,906,921.50","63,820,988.50","58,887,146.00","51,552,934.00","55,996,425.00","66,251,108.00","62,481,133.50","39,410,312.50","45,522,713.00","36,184,658.50","25,662,162.00","22,276,021.00","19,955,218.50","15,080,297.00","10,400,142.00","5,997,649.50","2,852,712.00","871,081.00","148,749.00","8,606.00",18.50
1998,"41,232,722.00","54,566,818.00","56,175,600.00","49,990,646.50","49,981,751.00","63,097,367.00","60,315,597.00","40,982,230.50","44,660,060.00","38,107,767.00","25,653,326.00","20,975,060.50","19,711,139.00","16,281,837.00","12,457,449.50","8,379,594.00","4,715,908.50","1,875,097.00","530,547.50","73,031.00","3,457.50","47,369,088.00","60,854,499.00","60,889,295.50","53,203,624.00","52,739,366.00","66,082,016.00","62,674,789.00","42,408,544.00","45,734,714.00","38,586,190.50","27,056,886.50","22,348,620.00","20,236,062.50","15,629,604.00","10,845,476.50","6,313,817.00","2,981,037.00","943,354.50","162,185.50","9,904.00",25.00
1999,"39,897,409.50","51,326,936.50","58,004,641.50","50,827,631.50","47,643,371.00","61,545,806.00","60,522,652.50","45,990,551.00","43,336,642.50","40,340,023.00","27,458,238.50","21,342,298.50","19,645,950.50","16,813,187.50","12,797,984.00","8,776,088.00","4,879,792.00","1,987,742.00","555,951.00","79,296.50","3,901.00","46,038,644.50","57,586,482.00","63,188,433.00","54,206,234.00","50,337,297.00","64,535,748.50","62,927,823.00","47,582,625.00","44,482,664.00","40,691,099.00","28,682,678.50","22,603,476.00","20,312,849.00","16,220,470.00","11,240,675.00","6,693,924.50","3,106,817.00","1,029,191.50","178,801.00","11,180.50",28.50
2000,"38,963,374.50","47,423,980.50","59,683,937.50","51,760,484.50","46,660,157.50","58,987,231.50","61,360,747.50","51,240,856.50","40,891,825.00","42,179,481.00","29,709,504.50","21,884,424.00","19,597,633.50","17,314,412.50","13,115,807.00","9,161,323.50","5,085,140.00","2,105,525.00","578,262.50","84,217.00","4,372.50","45,137,636.00","53,547,706.00","65,376,146.00","55,348,657.50","49,368,530.50","61,923,650.00","63,853,420.00","53,018,469.00","42,046,222.50","42,544,542.00","30,680,854.00","23,029,772.00","20,396,216.00","16,733,238.00","11,624,575.50","7,078,285.00","3,276,818.00","1,112,689.00","196,479.50","12,425.50",39.00
2001,"38,289,455.50","44,253,441.50","59,660,412.50","52,996,472.00","46,823,057.00","55,827,225.00","62,133,716.00","56,627,101.50","38,413,170.50","43,328,801.00","32,144,565.50","22,592,585.50","19,718,643.00","17,794,837.00","13,515,653.00","9,473,596.00","5,338,603.50","2,243,261.50","601,816.00","89,784.00","5,016.50","44,506,302.50","50,280,896.00","65,711,578.50","56,862,339.00","49,613,544.00","58,668,311.50","64,726,421.00","58,602,295.50","39,534,354.50","43,783,408.50","32,810,902.50","23,613,298.00","20,584,541.00","17,220,165.50","12,058,026.50","7,393,727.50","3,481,144.00","1,189,793.50","213,447.00","13,822.00",49.00
2002,"37,687,614.50","42,392,178.00","57,296,722.00","54,348,224.00","48,169,534.00","52,669,669.50","62,834,842.50","59,651,738.00","37,681,576.50","44,031,807.00","34,842,453.00","23,602,989.00","19,933,867.00","18,173,772.00","13,950,715.50","9,792,942.50","5,601,897.50","2,395,111.00","633,181.00","95,461.50","5,731.00","43,930,234.00","48,433,335.00","63,461,824.50","58,557,968.00","51,121,600.00","55,405,978.50","65,532,742.50","61,744,823.50","38,797,637.50","44,600,300.50","35,146,071.50","24,577,532.50","20,742,044.50","17,677,047.00","12,492,715.50","7,708,142.00","3,690,861.00","1,265,844.00","231,918.00","15,409.50",64.00
2003,"37,286,194.50","40,878,523.00","54,323,816.50","55,936,140.50","49,636,565.50","49,547,192.00","62,610,441.50","59,824,479.50","40,571,541.00","44,129,340.00","37,505,404.50","25,038,974.50","20,161,339.00","18,327,728.50","14,435,295.50","10,178,608.00","5,892,731.00","2,530,674.50","678,038.00","101,413.00","6,445.50","43,564,082.00","46,938,823.00","60,518,746.50","60,553,525.00","52,770,490.50","52,181,395.00","65,380,259.50","61,947,030.50","41,777,496.00","44,820,717.50","37,497,822.00","25,933,899.50","20,842,850.00","17,959,917.50","12,982,437.00","8,075,680.00","3,919,742.00","1,334,942.50","255,268.00","17,273.00",83.50
2004,"37,110,521.50","39,577,331.50","51,107,249.50","57,762,837.00","50,474,775.50","47,225,593.00","61,076,517.50","60,045,328.50","45,553,202.50","42,829,892.00","39,726,898.00","26,825,132.00","20,545,328.50","18,312,170.50","14,960,546.00","10,519,979.50","6,239,956.00","2,663,804.00","736,415.50","108,695.50","7,114.50","43,441,601.00","45,646,955.50","57,276,171.50","62,844,986.00","53,773,521.50","49,805,529.50","63,860,586.00","62,210,576.50","46,899,960.00","43,599,781.50","39,558,900.50","27,507,571.50","21,111,491.50","18,060,643.00","13,505,616.50","8,403,676.00","4,190,853.50","1,406,503.50","282,956.00","19,451.00",90.50
2005,"36,953,301.50","38,671,997.50","47,228,511.00","59,441,890.00","51,412,080.00","46,259,142.00","58,544,309.00","60,897,883.50","50,776,426.00","40,421,871.00","41,558,449.50","29,057,512.50","21,099,158.50","18,315,853.50","15,461,353.00","10,845,943.50","6,585,996.50","2,828,389.00","798,592.50","115,698.00","7,718.50","43,322,497.00","44,779,029.50","53,267,290.00","65,025,688.50","54,918,276.00","48,858,150.50","61,286,144.00","63,145,243.50","52,275,843.00","41,216,254.50","41,374,116.50","29,442,289.50","21,541,308.00","18,168,284.00","13,961,554.50","8,722,381.00","4,467,302.50","1,502,562.00","309,357.00","21,804.50",109.00
2006,"36,952,753.00","38,022,175.50","44,076,577.50","59,421,104.00","52,648,718.00","46,431,169.50","55,409,193.00","61,682,138.00","56,130,902.00","37,975,695.50","42,701,420.00","31,469,495.00","21,809,712.00","18,470,977.50","15,929,819.50","11,218,703.50","6,859,187.50","3,010,295.50","862,627.50","121,647.50","8,288.50","43,367,805.50","44,177,024.00","50,026,796.00","65,361,620.00","56,430,851.50","49,115,289.50","58,071,000.00","64,029,217.50","57,793,190.50","38,758,497.50","42,589,204.50","31,506,209.50","22,123,881.00","18,376,234.50","14,397,746.00","9,075,278.50","4,698,320.50","1,617,725.00","333,675.00","24,266.00",135.00
2007,"37,339,851.50","37,442,728.00","42,228,908.00","57,067,334.00","54,001,134.00","47,781,135.50","52,273,656.00","62,390,921.50","59,140,019.50","37,259,243.50","43,401,529.50","34,136,752.50","22,807,514.50","18,706,348.50","16,296,422.50","11,607,087.00","7,122,155.50","3,188,986.00","928,669.50","128,689.50","8,790.00","43,846,419.00","43,629,154.50","48,198,124.00","63,125,463.50","58,125,451.00","50,627,560.00","54,846,689.50","64,846,048.00","60,899,595.50","38,050,260.00","43,396,704.00","33,767,634.50","23,061,601.00","18,556,868.50","14,807,040.50","9,425,438.50","4,924,625.00","1,735,577.50","357,984.50","26,921.50",186.50
2008,"37,981,412.00","37,060,809.00","40,725,529.50","54,104,997.00","55,588,291.50","49,251,338.50","49,173,642.00","62,177,897.50","59,322,755.50","40,132,528.50","43,503,267.50","36,769,018.00","24,213,271.00","18,949,610.50","16,463,967.00","12,042,664.00","7,436,202.00","3,384,008.00","990,264.00","139,536.00","9,375.50","44,603,241.50","43,287,379.50","46,718,068.00","60,198,771.00","60,117,473.00","52,279,242.50","51,659,819.00","64,711,981.00","61,111,359.00","40,999,974.00","43,622,799.50","36,044,546.00","24,356,884.00","18,683,831.00","15,072,840.00","9,821,096.50","5,183,805.00","1,862,190.50","381,024.50","30,191.00",247.50
2009,"38,770,800.50","36,902,730.50","39,431,484.50","50,902,205.50","57,416,369.00","50,096,879.00","46,873,353.00","60,662,871.50","59,556,974.50","45,076,881.50","42,224,211.00","38,965,047.50","25,959,680.00","19,338,577.00","16,482,449.00","12,514,270.00","7,720,935.00","3,616,213.00","1,054,842.00","154,068.00","10,155.50","45,514,369.00","43,185,802.50","45,437,752.50","56,976,932.50","62,406,226.50","53,290,092.00","49,317,697.00","63,223,919.50","61,391,000.50","46,050,892.50","42,439,139.00","38,041,469.00","25,850,925.00","18,962,151.50","15,188,681.00","10,244,278.00","5,418,892.50","2,012,809.50","407,101.00","34,142.00",324.50
2010,"39,501,792.50","36,763,700.00","38,533,442.50","47,046,669.50","59,110,306.00","51,053,167.50","45,932,195.50","58,160,605.00","60,423,724.50","50,262,088.50","39,853,954.50","40,774,747.00","28,149,680.50","19,889,969.50","16,524,584.50","12,966,865.50","7,996,237.00","3,851,278.00","1,136,101.00","169,475.50","10,944.00","46,336,067.00","43,087,675.00","44,580,259.50","52,999,479.00","64,596,255.50","54,453,099.50","48,403,310.00","60,695,479.50","62,340,167.50","51,347,612.00","40,125,041.50","39,802,600.50","27,690,676.00","19,389,214.50","15,315,243.50","10,617,256.50","5,649,947.00","2,169,015.00","443,038.00","37,981.00",421.50
2011,"40,079,393.50","36,781,042.00","37,891,739.50","43,919,625.00","59,118,339.50","52,317,844.00","46,133,112.00","55,063,433.00","61,226,146.00","55,579,148.50","37,447,743.50","41,905,157.50","30,520,264.50","20,592,379.50","16,708,910.00","13,391,869.50","8,299,306.00","4,039,252.00","1,226,103.50","185,373.00","11,677.00","46,955,372.50","43,154,085.50","43,988,791.00","49,790,865.50","64,957,215.00","55,991,145.50","48,693,122.00","57,535,649.00","63,244,195.50","56,781,037.50","37,740,605.00","40,983,372.00","29,653,489.50","19,957,843.50","15,532,883.00","10,974,294.50","5,896,826.00","2,299,331.50","485,548.50","41,431.50",517.50
2012,"40,818,682.50","37,183,974.00","37,321,258.50","42,092,200.50","56,800,189.00","53,698,375.50","47,508,299.00","51,966,316.00","61,952,562.00","58,574,966.00","36,755,841.00","42,602,758.50","33,142,454.00","21,566,683.00","16,967,133.00","13,732,992.00","8,614,612.00","4,221,458.00","1,316,460.50","202,628.00","12,636.00","47,737,866.00","43,651,568.50","43,452,405.50","47,986,934.00","62,757,297.50","57,710,289.00","50,230,719.00","54,366,064.50","64,080,798.50","59,845,893.00","37,076,605.50","41,777,158.00","31,805,107.50","20,845,544.50","15,730,694.50","11,312,085.00","6,140,320.00","2,426,013.50","529,313.00","45,046.50",615.50
2013,"41,468,259.50","37,841,831.00","36,949,706.50","40,605,725.50","53,875,303.50","55,314,684.00","49,005,305.00","48,907,298.50","61,765,097.00","58,778,929.50","39,617,601.00","42,715,565.50","35,734,544.50","22,926,224.50","17,232,407.50","13,916,332.00","8,978,862.00","4,441,052.00","1,416,019.00","220,068.00","14,162.00","48,390,471.00","44,427,522.50","43,124,114.50","46,527,358.50","59,870,379.00","59,726,173.50","51,908,023.00","51,235,822.00","63,980,566.00","60,079,544.00","39,998,732.50","42,016,617.00","33,977,392.50","22,048,933.00","15,887,348.00","11,551,106.00","6,425,545.00","2,572,886.50","577,178.50","48,881.00",735.50
2014,"41,822,929.50","38,645,534.50","36,801,229.50","39,322,096.50","50,702,407.00","57,163,294.00","49,873,674.00","46,641,154.00","60,281,295.50","59,036,000.50","44,520,515.00","41,468,871.00","37,896,926.00","24,612,005.50","17,628,437.50","13,979,040.50","9,374,084.00","4,646,697.50","1,535,409.50","239,674.00","16,214.00","48,671,553.00","45,355,634.00","43,035,801.50","45,260,691.50","56,682,786.00","62,028,997.50","52,941,427.00","48,940,356.00","62,539,816.50","60,385,849.00","44,960,233.50","40,890,537.50","35,882,169.00","23,425,115.50","16,173,438.50","11,678,641.00","6,731,266.50","2,708,689.00","634,701.00","53,607.00",868.50
2015,"41,961,966.00","39,386,654.00","36,670,572.50","38,428,515.00","46,867,114.00","58,863,503.50","50,839,385.00","45,718,829.50","57,808,092.00","59,915,712.00","49,652,930.50","39,147,243.00","39,673,126.50","26,733,645.50","18,173,489.50","14,067,994.00","9,755,876.00","4,848,500.00","1,659,029.00","264,770.00","18,418.00","48,679,579.50","46,189,861.00","42,949,696.00","44,410,685.00","52,733,786.50","64,219,357.00","54,113,268.00","48,052,656.00","60,060,891.50","61,347,764.00","50,142,706.00","38,670,859.50","37,559,659.00","25,120,739.00","16,588,465.50","11,817,989.50","7,002,575.00","2,843,126.00","695,150.50","60,276.00",992.50
2016,"42,068,442.00","39,971,978.00","36,695,771.00","37,790,346.50","43,753,567.00","58,874,875.50","52,104,431.00","45,927,920.00","54,739,160.00","60,729,424.50","54,911,515.00","36,789,319.50","40,780,603.00","29,036,817.00","18,861,540.00","14,286,081.50","10,116,961.00","5,062,827.50","1,759,949.00","292,811.00","20,772.50","48,628,875.00","46,819,317.00","43,027,177.00","43,825,708.00","49,546,811.00","64,581,265.00","55,649,819.50","48,354,520.00","56,951,499.00","62,264,799.50","55,445,792.50","36,381,995.50","38,681,966.00","26,930,308.50","17,130,651.50","12,035,545.50","7,262,636.00","2,981,456.00","745,217.00","68,089.50","1,119.00"
2017,"42,112,161.50","40,716,007.50","37,104,483.50","37,222,518.50","41,931,511.50","56,561,334.00","53,479,162.00","47,302,436.50","51,667,269.50","61,463,941.50","57,877,840.50","36,121,608.50","41,469,005.00","31,583,230.50","19,797,517.50","14,566,393.50","10,413,188.00","5,283,662.50","1,857,238.00","321,197.50","23,426.50","48,482,937.00","47,608,468.50","43,532,719.50","43,294,972.50","47,753,441.50","62,388,320.00","57,359,341.50","49,890,379.00","53,826,119.00","63,108,219.00","58,429,950.50","35,761,167.00","39,436,819.50","28,900,745.00","17,931,726.50","12,226,759.00","7,495,884.50","3,106,997.50","789,200.00","75,411.00","1,244.50"
2018,"41,413,406.50","41,368,965.00","37,765,994.50","36,850,268.50","40,441,777.50","53,636,694.00","55,082,928.00","48,793,386.50","48,631,088.50","61,289,462.00","58,095,827.00","38,955,677.50","41,589,686.50","34,103,983.50","21,084,738.00","14,851,703.50","10,601,802.50","5,548,026.00","1,976,608.00","353,081.00","26,300.50","47,477,802.00","48,266,344.00","44,314,365.50","42,969,542.00","46,295,166.50","59,506,629.00","59,357,380.50","51,559,273.00","50,737,492.50","63,028,259.00","58,670,715.00","38,617,924.00","39,673,083.00","30,893,519.50","18,990,704.50","12,388,554.50","7,672,950.00","3,261,715.50","841,522.50","83,713.50","1,407.50"
2019,"39,949,145.00","41,727,362.50","38,572,311.50","36,699,336.50","39,150,420.50","50,463,693.50","56,916,707.00","49,656,073.50","46,383,293.00","59,827,839.50","58,371,771.00","43,794,531.00","40,379,243.50","36,206,523.00","22,678,080.50","15,248,528.00","10,706,469.00","5,836,400.50","2,092,884.50","391,844.50","29,658.50","45,604,246.00","48,553,508.50","45,247,282.00","42,883,181.00","45,025,413.50","56,326,866.00","61,639,749.50","52,586,820.00","48,478,142.00","61,632,537.50","59,001,429.00","43,438,849.00","38,616,138.50","32,652,325.00","20,202,365.50","12,667,729.00","7,794,768.00","3,439,009.50","894,973.00","94,904.00","1,678.00"
2020,"37,908,986.50","41,871,696.50","39,317,613.50","36,575,749.00","38,261,917.50","46,643,392.00","58,611,716.50","50,620,897.00","45,475,334.50","57,384,496.50","59,264,199.00","48,855,587.50","38,121,554.50","37,926,701.50","24,695,148.00","15,773,823.00","10,837,024.50","6,116,037.50","2,208,020.50","432,247.50","33,878.50","43,090,361.00","48,569,018.00","46,087,634.00","42,807,806.00","44,183,423.50","52,403,444.50","63,818,670.50","53,756,875.00","47,616,175.00","59,212,719.50","59,974,350.50","48,456,961.50","36,522,815.00","34,197,753.00","21,693,623.00","13,042,710.00","7,916,700.00","3,588,891.50","945,495.50","106,267.00","2,065.50"
2021,"35,082,449.50","41,983,007.00","39,906,963.00","36,610,454.00","37,632,232.00","43,545,421.50","58,624,639.00","51,884,004.50","45,692,514.50","54,348,801.00","60,090,730.00","54,038,601.00","35,829,344.00","38,993,276.50","26,887,271.00","16,420,713.50","11,067,766.00","6,377,875.50","2,323,762.50","464,716.50","38,464.50","39,707,251.00","48,525,230.50","46,722,986.00","42,897,821.00","43,609,395.00","49,241,818.50","64,179,474.50","55,289,049.00","47,931,809.00","56,168,768.00","60,904,575.00","53,579,503.00","34,365,150.50","35,226,964.50","23,275,718.00","13,509,535.00","8,085,536.00","3,720,930.50","991,605.50","114,829.00","2,508.00"
2022,"31,664,783.00","42,028,711.50","40,651,813.50","37,018,326.50","37,060,465.50","41,723,047.00","56,312,633.00","53,251,080.00","47,064,142.50","51,305,455.50","60,830,570.00","56,966,636.00","35,204,043.50","39,668,891.50","29,299,775.00","17,281,721.00","11,339,456.00","6,593,628.00","2,440,107.00","494,883.00","43,131.00","35,674,473.50","48,383,152.50","47,514,706.00","43,405,636.00","43,078,688.50","47,455,717.00","61,994,246.00","56,989,291.50","49,465,926.00","53,104,756.50","61,760,313.00","56,476,152.50","33,837,527.00","35,964,014.50","25,035,411.00","14,205,325.50","8,268,212.50","3,862,420.50","1,041,454.00","123,388.50","3,224.50"
2023,"28,826,052.50","41,333,615.00","41,305,036.50","37,675,535.00","36,683,449.00","40,232,687.00","53,395,144.00","54,848,838.50","48,550,099.00","48,295,878.50","60,666,383.00","57,199,238.00","38,017,746.50","39,813,049.00","31,682,096.00","18,452,294.00","11,610,011.50","6,746,941.00","2,584,086.00","532,052.50","48,312.00","32,318,569.00","47,383,460.50","48,174,207.00","44,185,169.00","42,752,184.50","46,002,635.50","59,129,589.50","58,979,445.50","51,128,552.00","50,073,949.00","61,710,010.00","56,752,851.50","36,656,033.00","36,253,701.00","26,850,709.50","15,120,451.50","8,451,478.00","3,999,237.00","1,112,028.50","134,381.00","4,165.00"
2024,"26,817,193.00","39,875,243.50","41,664,751.00","38,478,552.00","36,530,585.00","38,945,325.50","50,235,518.50","56,680,398.50","49,412,255.00","46,070,020.50","59,228,497.00","57,492,557.00","42,778,266.00","38,674,186.00","33,664,659.50","19,898,308.50","11,963,461.50","6,849,029.00","2,742,192.50","569,094.50","54,449.50","29,918,891.00","45,517,498.50","48,463,752.00","45,115,818.00","42,666,238.50","44,740,790.50","55,973,054.50","61,256,089.50","52,154,649.00","47,859,658.00","60,367,284.00","57,122,468.00","41,312,244.50","35,334,064.50","28,454,002.50","16,153,373.00","8,703,738.50","4,101,749.50","1,188,671.00","145,131.00","5,073.00"
2025,"25,511,103.50","37,837,106.00","41,808,796.00","39,219,369.50","36,396,545.50","38,046,247.50","46,417,563.00","58,365,968.50","50,370,962.50","45,170,279.50","56,814,446.00","58,388,313.00","47,737,278.00","36,533,214.50","35,293,609.00","21,733,466.00","12,424,855.00","6,974,851.00","2,896,356.50","606,468.00","60,793.00","28,321,178.50","43,007,137.00","48,480,087.00","45,952,552.00","42,583,151.00","43,892,496.50","52,064,082.00","63,423,183.00","53,317,789.50","47,019,298.50","58,014,604.00","58,110,476.00","46,123,116.50","33,468,613.00","29,886,248.00","17,440,662.50","9,032,966.00","4,215,061.50","1,259,253.00","156,442.50","5,934.00"
2026,"25,019,765.50","35,010,743.50","41,918,678.50","39,804,656.00","36,418,286.00","37,400,324.50","43,313,456.50","58,371,111.00","51,625,129.00","45,385,672.50","53,811,380.50","59,214,814.50","52,801,425.50","34,361,601.50","36,322,625.50","23,725,430.50","13,001,051.00","7,176,866.50","3,041,067.00","643,747.50","65,848.00","27,645,097.00","39,625,645.50","48,435,846.00","46,584,611.50","42,662,502.00","43,306,707.50","48,906,626.50","63,779,237.50","54,840,271.50","47,338,837.50","55,046,743.00","59,053,372.00","51,013,439.50","31,551,339.50","30,878,433.00","18,827,807.50","9,451,077.00","4,369,746.00","1,329,611.00","167,941.50","6,628.50"
2027,"24,827,981.00","31,596,571.50","41,964,725.50","40,548,419.50","36,822,668.50","36,826,142.00","41,493,064.50","56,066,038.50","52,989,515.00","46,752,675.50","50,803,020.50","59,954,837.00","55,663,555.50","33,810,591.00","37,001,445.00","25,913,101.00","13,752,198.50","7,404,321.00","3,161,885.00","682,348.50","70,799.00","27,306,713.50","35,597,802.50","48,295,200.00","47,375,826.00","43,167,760.00","42,776,918.50","47,128,790.50","61,609,286.00","56,537,772.50","48,866,943.50","52,060,245.00","59,916,013.50","53,785,184.50","31,163,638.50","31,619,014.50","20,359,204.50","10,027,472.50","4,522,464.50","1,399,767.50","179,819.00","7,319.00"
2028,"24,644,474.00","28,761,997.00","41,271,761.50","41,202,143.00","37,480,303.00","36,451,729.00","40,008,762.50","53,159,686.00","54,585,389.50","48,234,695.50","47,830,228.00","59,806,030.00","55,914,411.00","36,586,181.00","37,180,201.50","28,072,030.50","14,745,130.50","7,623,774.50","3,255,724.50","732,176.50","77,206.50","26,981,124.50","32,247,295.50","47,299,210.00","48,036,768.00","43,948,377.50","42,455,531.50","45,687,019.00","58,764,524.00","58,524,318.00","50,522,516.00","49,109,038.00","59,899,305.00","54,102,922.00","33,894,641.00","31,953,313.50","21,919,588.50","10,744,223.50","4,662,770.00","1,465,112.00","195,786.00","8,161.00"
2029,"24,464,927.50","26,756,163.50","39,816,233.00","41,562,731.50","38,283,556.50","36,300,943.00","38,726,757.00","50,011,583.00","56,413,313.50","49,096,105.00","45,634,784.50","58,402,168.00","56,233,847.00","41,218,316.50","36,139,334.00","29,872,495.00","15,961,437.00","7,897,555.50","3,327,651.00","786,619.00","83,786.50","26,667,045.00","29,851,622.50","45,437,861.50","48,328,452.00","44,879,800.00","42,373,774.50","44,435,314.50","55,628,642.50","60,793,511.00","51,547,770.00","46,960,863.00","58,629,721.50","54,528,142.00","38,297,535.50","31,193,583.00","23,303,042.50","11,545,770.50","4,842,149.50","1,517,856.00","212,876.50","8,999.50"
2030,"24,302,298.50","25,452,258.00","37,781,404.00","41,707,812.00","39,024,650.50","36,168,900.50","37,831,920.50","46,206,923.00","58,096,072.00","50,054,234.00","44,753,261.50","56,034,107.50","57,138,484.50","46,018,730.00","34,161,353.00","31,370,797.50","17,504,241.00","8,251,021.50","3,417,120.00","839,295.00","90,526.00","26,381,432.50","28,256,895.50","42,932,721.00","48,347,277.00","45,717,490.00","42,294,871.00","43,595,196.00","51,743,687.50","62,954,664.00","52,710,425.50","46,160,893.00","56,375,921.50","55,535,968.00","42,808,430.00","29,596,633.00","24,559,946.50","12,542,547.50","5,070,328.00","1,576,732.50","228,533.00","9,902.00"
2031,"24,170,081.00","24,962,248.50","34,958,986.50","41,818,774.50","39,610,526.50","36,192,389.00","37,189,542.00","43,113,884.00","58,104,217.50","51,306,962.00","44,976,362.00","53,084,032.50","57,972,576.50","50,906,794.50","32,158,194.00","32,334,969.50","19,177,756.00","8,694,696.50","3,550,917.50","888,282.50","97,085.50","26,139,878.00","27,582,730.00","39,557,318.50","48,305,571.00","46,351,032.50","42,377,931.50","43,016,307.00","48,606,278.50","63,315,644.00","54,230,588.00","46,498,584.50","53,521,960.00","56,495,332.50","47,374,839.50","27,956,584.00","25,454,966.50","13,619,387.50","5,360,537.00","1,656,011.50","244,409.50","10,835.00"
2032,"24,071,915.00","24,771,509.00","31,549,158.50","41,866,082.50","40,354,927.00","36,597,949.50","36,618,794.50","41,300,720.00","55,810,226.50","52,670,414.00","46,340,801.50","50,127,314.50","58,714,375.00","53,674,983.50","31,715,259.00","32,999,112.00","21,014,140.50","9,260,327.50","3,695,590.00","929,452.00","103,978.50","25,948,039.00","27,245,882.00","35,536,318.50","48,167,736.50","47,143,690.50","42,885,635.50","42,493,128.50","46,841,475.50","61,165,853.50","55,926,663.00","48,023,178.00","50,646,557.50","57,363,203.50","49,982,368.50","27,728,231.50","26,157,719.00","14,815,466.00","5,747,291.50","1,734,962.50","260,603.00","11,831.50"
2033,"24,008,586.00","24,589,000.50","28,718,169.00","41,175,040.00","41,009,431.50","37,256,283.50","36,247,275.00","39,822,524.00","52,917,035.50","54,263,557.00","47,817,232.00","47,205,245.50","58,585,418.00","53,954,205.50","34,442,244.50","33,218,569.00","22,824,053.00","9,990,451.50","3,833,244.50","964,876.50","113,263.00","25,808,583.00","26,921,766.50","32,191,598.50","47,175,731.00","47,806,424.00","43,667,878.50","42,177,422.00","45,410,829.00","58,345,404.50","57,907,816.50","49,668,679.00","47,804,473.00","57,389,510.00","50,359,969.50","30,341,395.00","26,527,166.50","16,035,890.00","6,215,301.00","1,808,892.50","276,768.50","13,175.00"
2034,"23,967,116.00","24,410,384.00","26,714,953.50","39,721,952.50","41,371,051.50","38,059,835.00","36,098,712.50","38,545,856.50","49,782,916.00","56,086,480.50","48,677,265.00","45,051,024.50","57,229,409.50","54,311,026.00","38,885,633.50","32,319,310.50","24,333,179.50","10,876,659.50","3,998,927.00","995,283.00","123,374.50","25,705,581.50","26,609,061.50","29,800,250.00","45,319,310.00","48,100,554.50","44,600,383.50","42,100,258.00","44,169,042.50","55,235,728.50","60,166,656.00","50,692,569.00","45,745,251.00","56,220,749.50","50,857,665.00","34,414,974.00","25,955,652.50","17,120,698.00","6,734,895.50","1,899,928.50","290,626.50","14,629.00"
2035,"23,956,417.00","24,248,631.50","25,412,906.50","37,689,878.50","41,517,279.50","38,801,269.50","35,968,793.00","37,655,269.50","45,995,121.50","57,765,399.50","49,634,412.50","44,193,693.00","54,926,298.50","55,227,122.00","43,441,746.50","30,580,953.00","25,613,047.00","12,001,074.00","4,212,179.00","1,033,952.00","133,145.50","25,645,925.00","26,324,732.00","28,208,673.00","42,819,660.50","48,122,158.00","45,439,361.50","42,025,842.50","43,336,960.50","51,382,966.50","62,319,708.00","51,854,700.00","44,998,441.50","54,103,597.50","51,889,721.50","38,532,487.00","24,685,419.50","18,129,348.50","7,381,782.50","2,014,741.50","306,667.50","16,016.50"
2036,"23,989,184.50","24,117,188.50","24,923,954.50","34,870,741.00","41,629,231.50","39,387,556.00","35,993,886.50","37,016,292.50","42,916,119.00","57,777,608.00","50,885,177.50","44,426,584.50","52,051,469.50","56,071,064.50","48,048,355.50","28,824,622.00","26,453,510.50","13,218,850.50","4,483,106.50","1,089,374.50","142,266.00","25,642,114.50","26,084,336.00","27,536,376.00","39,450,634.50","48,083,109.50","46,074,574.00","42,112,635.00","42,764,747.50","48,272,585.00","62,688,402.50","53,372,244.50","45,359,256.50","51,407,958.00","52,871,084.50","42,666,503.50","23,383,740.50","18,869,228.50","8,083,132.00","2,162,055.50","328,389.50","17,472.00"
2037,"24,063,535.00","24,019,689.50","24,733,969.00","31,464,732.00","41,677,665.50","40,132,031.50","36,400,082.50","36,448,549.00","41,111,631.50","55,498,634.00","52,247,650.00","45,786,782.50","49,168,104.50","56,816,029.50","50,656,566.00","28,527,673.50","27,067,390.00","14,554,203.50","4,821,087.00","1,147,053.50","150,213.50","25,689,659.50","25,893,524.00","27,200,904.00","35,436,853.50","47,948,263.50","46,868,502.50","42,622,457.00","42,247,692.50","46,524,579.00","60,568,423.00","55,067,621.50","46,877,885.50","48,687,427.50","53,752,418.00","45,045,490.50","23,334,567.50","19,487,400.50","8,869,455.50","2,352,989.00","350,018.50","19,014.50"
2038,"24,187,378.00","23,956,962.00","24,552,180.50","28,637,005.50","40,988,620.00","40,786,809.00","37,058,536.50","36,079,454.00","39,640,640.00","52,623,348.00","53,836,939.00","47,255,574.00","46,318,972.50","56,718,157.50","50,970,921.50","31,151,488.50","27,317,876.00","15,867,267.50","5,245,501.50","1,200,763.00","157,817.50","25,794,733.00","25,754,989.50","26,878,093.50","32,098,258.50","46,960,710.50","47,532,917.00","43,405,935.00","41,937,111.00","45,108,032.00","57,783,750.00","57,041,594.50","48,510,443.00","45,998,742.50","53,845,394.00","45,488,866.00","25,759,629.00","19,859,543.00","9,672,495.00","2,577,487.50","370,434.50","20,635.50"
2039,"24,355,858.00","23,916,071.00","24,374,254.50","26,636,225.50","39,538,327.50","41,149,251.00","37,861,980.00","35,932,755.50","38,370,340.00","49,508,296.50","55,652,294.00","48,114,252.00","44,225,440.50","55,435,119.50","51,380,972.00","35,284,063.50","26,600,446.00","16,960,728.00","5,755,080.00","1,264,303.00","164,899.50","25,951,759.50","25,652,862.00","26,566,635.50","29,711,512.00","45,110,020.50","47,829,738.00","44,339,294.00","41,864,081.50","43,878,890.00","54,712,374.00","59,285,100.50","49,534,498.50","44,066,949.50","52,821,628.00","46,070,876.00","29,378,952.00","19,481,921.50","10,387,232.50","2,824,425.00","395,302.50","22,113.50"
2040,"24,540,972.50","23,905,921.50","24,213,160.00","25,335,936.50","37,509,658.00","41,296,684.50","38,603,516.50","35,804,722.00","37,484,929.00","45,743,407.00","57,325,310.00","49,070,232.00","43,404,692.00","53,231,104.50","52,309,458.50","39,454,384.00","25,193,331.00","17,913,534.50","6,403,979.00","1,347,148.00","173,838.00","26,129,850.50","25,594,036.50","26,283,488.00","28,123,316.00","42,617,006.50","47,854,682.50","45,179,540.00","41,793,867.00","43,057,351.50","50,905,971.50","61,426,213.00","50,696,971.50","43,398,281.50","50,899,904.00","47,124,752.00","32,969,003.00","18,579,651.00","11,072,248.50","3,134,098.00","426,944.00","23,843.00"
2041,"24,720,941.00","23,939,194.00","24,082,339.50","24,847,975.00","34,694,817.00","41,409,951.00","39,190,287.00","35,831,414.50","36,850,246.50","42,683,517.50","57,342,713.00","50,317,963.00","43,653,294.50","50,471,117.00","53,162,370.50","43,624,283.00","23,784,746.50","18,555,352.00","7,105,010.50","1,453,942.00","186,017.50","26,305,019.00","25,590,996.00","26,044,194.00","27,453,034.00","39,255,929.00","47,819,093.50","45,816,718.00","41,884,355.50","42,494,061.50","47,834,415.00","61,805,730.50","52,210,470.00","43,794,732.00","48,429,159.00","48,124,469.50","36,530,094.00","17,665,260.00","11,591,256.50","3,471,534.00","468,253.00","26,131.50"
2042,"24,882,066.00","24,013,986.50","23,985,412.00","24,658,684.00","31,293,884.50","41,459,856.50","39,934,986.00","36,238,306.00","36,286,288.00","40,890,919.00","55,084,323.00","51,678,083.00","45,008,650.00","47,699,926.50","53,902,234.50","45,982,567.50","23,688,857.00","19,060,620.00","7,873,200.00","1,584,285.00","198,284.50","26,462,782.00","25,639,231.00","25,854,391.50","27,119,046.50","35,251,290.00","47,688,018.50","46,612,214.50","42,396,317.00","41,984,987.50","46,110,716.50","59,728,368.00","53,902,596.00","45,307,581.50","45,928,254.00","49,010,304.50","38,599,665.50","17,803,945.00","12,057,307.50","3,855,428.00","520,778.50","28,461.50"
2043,"24,983,836.50","24,138,193.50","23,923,198.00","24,477,530.50","28,470,449.50","40,773,228.50","40,590,099.50","36,896,862.50","35,920,186.50","39,429,794.50","52,233,784.00","53,261,563.50","46,466,077.50","44,961,973.00","53,842,456.50","46,338,031.00","26,137,092.50","19,311,577.00","8,625,305.50","1,744,194.50","209,717.50","26,559,341.00","25,744,892.00","25,716,763.00","26,797,611.50","31,920,427.50","46,705,882.50","47,278,489.00","43,180,967.00","41,680,930.50","44,714,546.50","56,994,989.50","55,865,649.50","46,921,568.00","43,454,962.50","49,177,374.00","39,105,264.50","19,949,127.50","12,373,634.00","4,247,835.50","581,075.00","30,769.00"
2044,"25,026,476.50","24,307,004.50","23,882,787.00","24,300,207.00","26,472,868.00","39,326,324.00","40,953,416.50","37,700,125.00","35,775,753.00","38,168,208.50","49,145,442.50","55,066,921.50","47,321,561.00","42,960,289.50","52,664,757.00","46,814,009.50","29,772,132.00","18,824,862.50","9,248,255.00","1,934,786.00","223,201.50","26,594,352.00","25,902,454.00","25,615,463.00","26,487,443.00","29,539,468.00","44,862,130.50","47,578,142.50","44,115,019.50","41,613,044.50","43,503,547.50","53,978,909.50","58,088,943.00","47,943,168.00","41,698,587.50","48,331,754.00","39,768,651.00","22,947,919.50","12,177,470.50","4,596,365.50","647,015.00","33,584.00"
2045,"25,004,042.50","24,492,441.50","23,873,080.00","24,139,673.50","25,174,855.00","37,301,738.00","41,102,077.50","38,441,623.50","35,650,053.00","37,289,829.50","45,413,276.50","56,732,222.50","48,275,327.50","42,194,335.00","50,607,739.50","47,748,355.50","33,322,336.50","17,854,216.00","9,812,315.50","2,180,073.50","241,031.00","26,562,144.50","26,081,050.50","25,557,390.00","26,205,488.50","27,955,458.50","42,377,073.00","47,606,520.50","44,956,238.00","41,548,176.00","42,696,901.50","50,240,259.00","60,213,866.00","49,104,068.00","41,134,508.50","46,655,507.50","40,823,641.00","25,819,406.50","11,655,457.00","4,944,317.50","731,626.50","37,160.00"
2046,"24,886,285.50","24,672,713.00","23,906,747.00","24,009,361.50","24,688,067.50","34,491,899.50","41,216,552.00","39,028,621.50","35,678,662.00","36,660,900.00","42,380,765.50","56,757,580.00","49,519,208.50","42,465,794.50","48,020,655.50","48,604,373.50","36,790,771.50","16,902,931.50","10,202,737.00","2,443,597.00","264,263.50","26,431,095.50","26,256,694.50","25,555,016.00","25,967,276.50","27,287,510.50","39,025,367.00","47,574,352.00","45,594,902.00","41,643,297.50","42,146,000.00","47,225,365.00","60,609,076.00","50,611,300.50","41,575,488.50","44,470,440.00","41,820,927.50","28,599,909.00","11,141,836.50","5,215,883.50","824,204.50","41,810.00"
2047,"24,670,788.50","24,834,136.00","23,981,892.00","23,912,899.50","24,499,517.50","31,096,746.00","41,267,756.00","39,773,244.00","36,086,272.50","36,102,010.50","40,605,036.50","54,528,735.00","50,878,042.00","43,812,755.00","45,419,300.50","49,329,676.00","38,736,519.00","17,013,430.00","10,539,684.00","2,732,511.50","291,881.00","26,197,520.50","26,414,914.50","25,603,843.00","25,778,448.00","26,955,122.00","35,031,284.00","47,446,821.50","46,391,394.50","42,157,650.00","41,647,903.00","45,536,519.50","58,591,508.50","52,300,110.00","43,074,212.00","42,248,528.50","42,687,484.00","30,223,013.50","11,405,663.50","5,479,257.00","931,267.50","47,610.50"
2048,"24,362,773.50","24,936,250.00","24,106,410.00","23,851,113.00","24,319,076.50","28,278,187.00","40,583,569.50","40,428,475.50","36,744,836.50","35,739,940.50","39,157,876.50","51,713,291.00","52,454,383.00","45,252,528.00","42,851,382.50","49,323,122.50","39,130,879.00","19,085,587.50","10,736,733.00","3,013,359.50","325,024.50","25,866,582.50","26,511,953.00","25,710,027.50","25,641,693.50","26,635,194.00","31,709,289.50","46,470,081.00","47,058,997.50","42,943,388.00","41,352,731.50","44,169,272.00","55,929,049.00","54,246,881.00","44,658,169.00","40,049,971.50","42,926,577.50","30,754,932.00","13,075,476.50","5,674,290.50","1,039,990.00","54,261.50"
2049,"23,947,531.50","24,979,265.00","24,275,496.00","23,811,101.50","24,142,448.50","26,284,203.50","39,140,215.00","40,792,478.00","37,547,722.50","35,598,524.00","37,908,601.00","48,662,176.50","54,244,696.00","46,103,347.50","40,991,786.50","48,302,798.50","39,684,945.50","21,925,889.50","10,473,357.50","3,244,473.50","364,694.00","25,423,240.50","26,547,460.00","25,868,048.00","25,541,188.00","26,326,455.50","29,334,903.50","44,633,456.50","47,360,952.00","43,877,826.00","41,291,693.50","42,983,889.00","52,988,064.50","56,437,396.00","45,673,892.00","38,517,002.00","42,290,607.00","31,466,294.50","15,222,165.50","5,596,963.50","1,135,300.00","61,656.50"
2050,"23,431,978.00","24,957,242.00","24,461,191.50","23,801,765.00","23,982,584.00","24,988,740.50","37,119,979.50","40,942,185.50","38,288,978.00","35,475,910.00","37,040,208.00","44,974,571.00","55,898,241.00","47,053,926.00","40,310,877.50","46,469,843.50","40,603,612.00","24,569,597.50","9,946,960.00","3,466,802.00","416,737.50","24,874,124.50","26,515,770.00","26,047,059.50","25,483,829.00","26,045,831.50","27,755,602.00","42,156,672.50","47,392,190.50","44,719,629.00","41,233,818.50","42,198,127.50","49,339,359.00","58,534,644.00","46,828,628.50","38,081,883.50","40,915,834.00","32,462,344.50","17,169,724.50","5,372,408.00","1,235,621.50","71,292.50"
